{
    "images": [
        {
            "image": "benz.jpg",
            "name": "benz"
        },
        {
            "image": "ju_logo.jpg",
            "name": "3#15#3,1.6875,0,0#ju_logo",
            "uid": "http://vodcdn.video.taobao.com/oss/taobao-ugc/77f315f07169487684be7c2cee2ad588/1466598266/video.mp4"
        },
        {
            "image": "ju_logo2.jpg",
            "name": "3#15#2,2.25,0,0#ju_logo2",
            "uid": "#2#http://vodcdn.video.taobao.com/oss/taobao-ugc/77f315f07169487684be7c2cee2ad588/1466598266/video.mp4"
        },
        {
            "image": "volkswagen.jpg",
            "name": "2#1#1,1.78,0,0#volkswagen",
            "uid": "http://cloud.video.taobao.com/play/u/1041338040/p/1/e/6/t/1/41613146.mp4"
        }
    ]
}